dateTime,snapshotTimeUTC,instrument,openPrice,closePrice,highPrice,lowPrice,lastTradedVolume,insertStamp,RESOLUTION
"2023-11-09 09:30:00","2023-11-08 22:30:00",AUD/USD,0.64061,0.64051,0.64061,0.64049,35,"2023-11-08 22:32:01",MINUTE_10
"2023-11-09 09:20:00","2023-11-08 22:20:00",AUD/USD,0.64073,0.64074,0.64074,0.64073,4,"2023-11-08 22:22:05",MINUTE_10
"2023-11-09 09:10:00","2023-11-08 22:10:00",AUD/USD,0.64084,0.64085,0.64085,0.64082,3,"2023-11-08 22:12:05",MINUTE_10
"2023-11-09 09:00:00","2023-11-08 22:00:00",AUD/USD,0.64053,0.64053,0.64053,0.64053,1,"2023-11-08 22:02:01",MINUTE_10
"2023-11-09 08:50:00","2023-11-08 21:50:00",AUD/USD,0.64033,0.64036,0.64036,0.64032,39,"2023-11-08 21:52:05",MINUTE_10
"2023-11-09 08:40:00","2023-11-08 21:40:00",AUD/USD,0.64032,0.64031,0.64032,0.64028,23,"2023-11-08 21:42:01",MINUTE_10
"2023-11-09 08:30:00","2023-11-08 21:30:00",AUD/USD,0.64035,0.6404,0.64041,0.64035,22,"2023-11-08 21:32:01",MINUTE_10
"2023-11-09 08:20:00","2023-11-08 21:20:00",AUD/USD,0.64035,0.64035,0.64035,0.64032,19,"2023-11-08 21:22:05",MINUTE_10
"2023-11-09 08:10:00","2023-11-08 21:10:00",AUD/USD,0.64025,0.64022,0.64026,0.64021,19,"2023-11-08 21:12:05",MINUTE_10
"2023-11-09 08:00:00","2023-11-08 21:00:00",AUD/USD,0.64031,0.64031,0.64038,0.64029,44,"2023-11-08 21:02:02",MINUTE_10
"2023-11-09 07:50:00","2023-11-08 20:50:00",AUD/USD,0.64026,0.64042,0.64042,0.64025,45,"2023-11-08 20:52:05",MINUTE_10
"2023-11-09 07:40:00","2023-11-08 20:40:00",AUD/USD,0.6403,0.6404,0.64044,0.64029,46,"2023-11-08 20:42:01",MINUTE_10
"2023-11-09 07:30:00","2023-11-08 20:30:00",AUD/USD,0.64015,0.64011,0.64015,0.64009,64,"2023-11-08 20:32:02",MINUTE_10
"2023-11-09 07:20:00","2023-11-08 20:20:00",AUD/USD,0.63994,0.64002,0.64006,0.63991,59,"2023-11-08 20:22:05",MINUTE_10
"2023-11-09 07:10:00","2023-11-08 20:10:00",AUD/USD,0.63993,0.63987,0.63994,0.63982,76,"2023-11-08 20:12:05",MINUTE_10
"2023-11-09 07:00:00","2023-11-08 20:00:00",AUD/USD,0.64001,0.6398,0.64005,0.63977,91,"2023-11-08 20:02:02",MINUTE_10
"2023-11-09 06:50:00","2023-11-08 19:50:00",AUD/USD,0.64028,0.64013,0.64029,0.6401,65,"2023-11-08 19:52:05",MINUTE_10
"2023-11-09 06:40:00","2023-11-08 19:40:00",AUD/USD,0.64061,0.64053,0.64062,0.64049,50,"2023-11-08 19:42:05",MINUTE_10
"2023-11-09 06:30:00","2023-11-08 19:30:00",AUD/USD,0.64086,0.64092,0.64092,0.64085,18,"2023-11-08 19:32:02",MINUTE_10
"2023-11-09 06:20:00","2023-11-08 19:20:00",AUD/USD,0.64114,0.64109,0.64114,0.64108,38,"2023-11-08 19:22:05",MINUTE_10
"2023-11-09 06:10:00","2023-11-08 19:10:00",AUD/USD,0.6412,0.64115,0.64128,0.64115,53,"2023-11-08 19:12:05",MINUTE_10
"2023-11-09 06:00:00","2023-11-08 19:00:00",AUD/USD,0.64102,0.64104,0.64105,0.64094,77,"2023-11-08 19:02:02",MINUTE_10
"2023-11-09 05:50:00","2023-11-08 18:50:00",AUD/USD,0.64121,0.6412,0.64134,0.64119,82,"2023-11-08 18:52:05",MINUTE_10
"2023-11-09 05:40:00","2023-11-08 18:40:00",AUD/USD,0.64112,0.64114,0.64121,0.64111,50,"2023-11-08 18:42:00",MINUTE_10
"2023-11-09 05:30:00","2023-11-08 18:30:00",AUD/USD,0.6411,0.6411,0.64121,0.64106,144,"2023-11-08 18:32:02",MINUTE_10
"2023-11-09 05:20:00","2023-11-08 18:20:00",AUD/USD,0.6409,0.64084,0.64094,0.6408,86,"2023-11-08 18:22:05",MINUTE_10
"2023-11-09 05:10:00","2023-11-08 18:10:00",AUD/USD,0.6417,0.64153,0.6417,0.64145,140,"2023-11-08 18:12:05",MINUTE_10
"2023-11-09 05:00:00","2023-11-08 18:00:00",AUD/USD,0.64125,0.64098,0.64126,0.64095,129,"2023-11-08 18:02:01",MINUTE_10
"2023-11-09 04:50:00","2023-11-08 17:50:00",AUD/USD,0.64119,0.64113,0.64119,0.64104,79,"2023-11-08 17:52:05",MINUTE_10
"2023-11-09 04:40:00","2023-11-08 17:40:00",AUD/USD,0.64147,0.64128,0.64147,0.64128,102,"2023-11-08 17:42:01",MINUTE_10
"2023-11-09 04:30:00","2023-11-08 17:30:00",AUD/USD,0.64119,0.64088,0.64121,0.64088,105,"2023-11-08 17:32:02",MINUTE_10
"2023-11-09 04:20:00","2023-11-08 17:20:00",AUD/USD,0.64139,0.64147,0.64162,0.64137,102,"2023-11-08 17:22:02",MINUTE_10
"2023-11-09 04:10:00","2023-11-08 17:10:00",AUD/USD,0.64126,0.64153,0.64155,0.6412,119,"2023-11-08 17:12:09",MINUTE_10
"2023-11-09 04:00:00","2023-11-08 17:00:00",AUD/USD,0.64197,0.6415,0.64198,0.64149,148,"2023-11-08 17:02:01",MINUTE_10
"2023-11-09 03:50:00","2023-11-08 16:50:00",AUD/USD,0.64212,0.64205,0.64215,0.64189,119,"2023-11-08 16:52:05",MINUTE_10
"2023-11-09 03:40:00","2023-11-08 16:40:00",AUD/USD,0.64195,0.64194,0.64199,0.6418,88,"2023-11-08 16:42:05",MINUTE_10
"2023-11-09 03:30:00","2023-11-08 16:30:00",AUD/USD,0.64175,0.64166,0.6418,0.64164,99,"2023-11-08 16:32:02",MINUTE_10
"2023-11-09 03:20:00","2023-11-08 16:20:00",AUD/USD,0.64217,0.64196,0.6422,0.64189,141,"2023-11-08 16:22:04",MINUTE_10
"2023-11-09 03:10:00","2023-11-08 16:10:00",AUD/USD,0.64148,0.64174,0.64179,0.64147,153,"2023-11-08 16:12:05",MINUTE_10
"2023-11-09 03:00:00","2023-11-08 16:00:00",AUD/USD,0.64155,0.64171,0.64171,0.64153,129,"2023-11-08 16:02:01",MINUTE_10
"2023-11-09 02:50:00","2023-11-08 15:50:00",AUD/USD,0.64129,0.64143,0.64144,0.64123,151,"2023-11-08 15:52:05",MINUTE_10
"2023-11-09 02:40:00","2023-11-08 15:40:00",AUD/USD,0.64096,0.64078,0.64097,0.64074,211,"2023-11-08 15:42:00",MINUTE_10
"2023-11-09 02:30:00","2023-11-08 15:30:00",AUD/USD,0.64155,0.64176,0.64189,0.64153,215,"2023-11-08 15:32:02",MINUTE_10
"2023-11-09 02:20:00","2023-11-08 15:20:00",AUD/USD,0.64228,0.64174,0.64228,0.64159,151,"2023-11-08 15:22:05",MINUTE_10
"2023-11-09 02:10:00","2023-11-08 15:10:00",AUD/USD,0.64251,0.64237,0.64263,0.64233,161,"2023-11-08 15:12:05",MINUTE_10
"2023-11-09 02:00:00","2023-11-08 15:00:00",AUD/USD,0.643,0.64252,0.64302,0.64252,171,"2023-11-08 15:02:01",MINUTE_10
"2023-11-09 01:50:00","2023-11-08 14:50:00",AUD/USD,0.64329,0.64324,0.64335,0.64312,176,"2023-11-08 14:52:05",MINUTE_10
"2023-11-09 01:40:00","2023-11-08 14:40:00",AUD/USD,0.64329,0.64294,0.64331,0.64286,160,"2023-11-08 14:42:05",MINUTE_10
"2023-11-09 01:30:00","2023-11-08 14:30:00",AUD/USD,0.64282,0.64272,0.64282,0.64259,234,"2023-11-08 14:32:01",MINUTE_10
"2023-11-09 01:20:00","2023-11-08 14:20:00",AUD/USD,0.64311,0.64289,0.64322,0.64284,116,"2023-11-08 14:22:06",MINUTE_10
"2023-11-09 01:10:00","2023-11-08 14:10:00",AUD/USD,0.64292,0.64295,0.64295,0.64278,104,"2023-11-08 14:12:05",MINUTE_10
"2023-11-09 01:00:00","2023-11-08 14:00:00",AUD/USD,0.64271,0.64296,0.64296,0.64271,119,"2023-11-08 14:02:01",MINUTE_10
"2023-11-09 00:50:00","2023-11-08 13:50:00",AUD/USD,0.64214,0.64213,0.6422,0.64212,96,"2023-11-08 13:52:05",MINUTE_10
"2023-11-09 00:40:00","2023-11-08 13:40:00",AUD/USD,0.64234,0.64241,0.64254,0.64234,123,"2023-11-08 13:42:05",MINUTE_10
"2023-11-09 00:30:00","2023-11-08 13:30:00",AUD/USD,0.64223,0.6423,0.64245,0.64221,133,"2023-11-08 13:32:02",MINUTE_10
"2023-11-09 00:20:00","2023-11-08 13:20:00",AUD/USD,0.64261,0.64274,0.64283,0.64258,156,"2023-11-08 13:22:05",MINUTE_10
"2023-11-09 00:10:00","2023-11-08 13:10:00",AUD/USD,0.64316,0.64301,0.6433,0.64301,109,"2023-11-08 13:12:01",MINUTE_10
"2023-11-09 00:00:00","2023-11-08 13:00:00",AUD/USD,0.64253,0.64249,0.64258,0.64243,97,"2023-11-08 13:02:02",MINUTE_10
"2023-11-08 23:50:00","2023-11-08 12:50:00",AUD/USD,0.64265,0.64251,0.64269,0.64248,76,"2023-11-08 12:52:05",MINUTE_10
"2023-11-08 23:40:00","2023-11-08 12:40:00",AUD/USD,0.64249,0.64252,0.64257,0.64247,64,"2023-11-08 12:42:01",MINUTE_10
"2023-11-08 23:30:00","2023-11-08 12:30:00",AUD/USD,0.64265,0.64269,0.6427,0.64259,55,"2023-11-08 12:32:02",MINUTE_10
"2023-11-08 23:20:00","2023-11-08 12:20:00",AUD/USD,0.64246,0.64241,0.64249,0.6424,72,"2023-11-08 12:22:06",MINUTE_10
"2023-11-08 23:10:00","2023-11-08 12:10:00",AUD/USD,0.64273,0.64262,0.64273,0.64258,78,"2023-11-08 12:12:05",MINUTE_10
"2023-11-08 23:00:00","2023-11-08 12:00:00",AUD/USD,0.64336,0.64307,0.64336,0.64307,73,"2023-11-08 12:02:01",MINUTE_10
"2023-11-08 22:50:00","2023-11-08 11:50:00",AUD/USD,0.64321,0.64324,0.64337,0.64318,46,"2023-11-08 11:52:05",MINUTE_10
"2023-11-08 22:40:00","2023-11-08 11:40:00",AUD/USD,0.64334,0.6434,0.64348,0.64332,55,"2023-11-08 11:42:01",MINUTE_10
"2023-11-08 22:30:00","2023-11-08 11:30:00",AUD/USD,0.64343,0.64341,0.64343,0.64333,43,"2023-11-08 11:32:02",MINUTE_10
"2023-11-08 22:20:00","2023-11-08 11:20:00",AUD/USD,0.64298,0.64297,0.64306,0.64296,72,"2023-11-08 11:22:04",MINUTE_10
"2023-11-08 22:10:00","2023-11-08 11:10:00",AUD/USD,0.64304,0.64308,0.64316,0.64304,55,"2023-11-08 11:12:05",MINUTE_10
"2023-11-08 22:00:00","2023-11-08 11:00:00",AUD/USD,0.64285,0.64294,0.64298,0.64282,77,"2023-11-08 11:02:02",MINUTE_10
"2023-11-08 21:50:00","2023-11-08 10:50:00",AUD/USD,0.6428,0.64278,0.6428,0.64271,100,"2023-11-08 10:52:05",MINUTE_10
"2023-11-08 21:40:00","2023-11-08 10:40:00",AUD/USD,0.64248,0.64268,0.64273,0.64248,87,"2023-11-08 10:42:05",MINUTE_10
"2023-11-08 21:30:00","2023-11-08 10:30:00",AUD/USD,0.64226,0.64224,0.64244,0.64222,106,"2023-11-08 10:32:02",MINUTE_10
"2023-11-08 21:20:00","2023-11-08 10:20:00",AUD/USD,0.64228,0.64227,0.6424,0.64224,71,"2023-11-08 10:22:05",MINUTE_10
"2023-11-08 21:10:00","2023-11-08 10:10:00",AUD/USD,0.64248,0.64252,0.64253,0.64239,67,"2023-11-08 10:12:05",MINUTE_10
"2023-11-08 21:00:00","2023-11-08 10:00:00",AUD/USD,0.64238,0.64227,0.64248,0.64227,97,"2023-11-08 10:02:01",MINUTE_10
"2023-11-08 20:50:00","2023-11-08 09:50:00",AUD/USD,0.64284,0.64278,0.64286,0.64274,112,"2023-11-08 09:52:05",MINUTE_10
"2023-11-08 20:40:00","2023-11-08 09:40:00",AUD/USD,0.64265,0.64268,0.64275,0.64263,60,"2023-11-08 09:42:01",MINUTE_10
"2023-11-08 20:30:00","2023-11-08 09:30:00",AUD/USD,0.6427,0.64254,0.6427,0.64251,102,"2023-11-08 09:32:02",MINUTE_10
"2023-11-08 20:20:00","2023-11-08 09:20:00",AUD/USD,0.64237,0.64233,0.64244,0.64228,78,"2023-11-08 09:22:05",MINUTE_10
"2023-11-08 20:10:00","2023-11-08 09:10:00",AUD/USD,0.64313,0.64282,0.64314,0.64282,80,"2023-11-08 09:12:00",MINUTE_10
"2023-11-08 20:00:00","2023-11-08 09:00:00",AUD/USD,0.64369,0.64345,0.64371,0.64329,145,"2023-11-08 09:02:01",MINUTE_10
"2023-11-08 19:50:00","2023-11-08 08:50:00",AUD/USD,0.64408,0.64398,0.64411,0.64385,93,"2023-11-08 08:52:05",MINUTE_10
"2023-11-08 19:40:00","2023-11-08 08:40:00",AUD/USD,0.64391,0.64401,0.64407,0.64375,94,"2023-11-08 08:42:05",MINUTE_10
"2023-11-08 19:30:00","2023-11-08 08:30:00",AUD/USD,0.64429,0.64399,0.64431,0.64396,96,"2023-11-08 08:32:01",MINUTE_10
"2023-11-08 19:20:00","2023-11-08 08:20:00",AUD/USD,0.64399,0.644,0.64414,0.64387,125,"2023-11-08 08:22:05",MINUTE_10
"2023-11-08 19:10:00","2023-11-08 08:10:00",AUD/USD,0.64418,0.64414,0.64432,0.6441,104,"2023-11-08 08:12:05",MINUTE_10
"2023-11-08 19:00:00","2023-11-08 08:00:00",AUD/USD,0.6441,0.64418,0.64445,0.6441,164,"2023-11-08 08:02:02",MINUTE_10
"2023-11-08 18:50:00","2023-11-08 07:50:00",AUD/USD,0.64399,0.64407,0.64417,0.64398,69,"2023-11-08 07:52:05",MINUTE_10
"2023-11-08 18:40:00","2023-11-08 07:40:00",AUD/USD,0.64356,0.64395,0.64419,0.64355,137,"2023-11-08 07:42:01",MINUTE_10
"2023-11-08 18:30:00","2023-11-08 07:30:00",AUD/USD,0.64318,0.64337,0.64337,0.64318,72,"2023-11-08 07:32:02",MINUTE_10
"2023-11-08 18:20:00","2023-11-08 07:20:00",AUD/USD,0.64277,0.64281,0.64291,0.64276,66,"2023-11-08 07:22:05",MINUTE_10
"2023-11-08 18:10:00","2023-11-08 07:10:00",AUD/USD,0.6432,0.64301,0.64326,0.64299,89,"2023-11-08 07:12:05",MINUTE_10
"2023-11-08 18:00:00","2023-11-08 07:00:00",AUD/USD,0.64339,0.64336,0.64342,0.64329,87,"2023-11-08 07:02:01",MINUTE_10
"2023-11-08 17:50:00","2023-11-08 06:50:00",AUD/USD,0.64357,0.64366,0.64372,0.64356,46,"2023-11-08 06:52:05",MINUTE_10
"2023-11-08 17:40:00","2023-11-08 06:40:00",AUD/USD,0.64326,0.64337,0.64341,0.64311,70,"2023-11-08 06:42:01",MINUTE_10
"2023-11-08 17:30:00","2023-11-08 06:30:00",AUD/USD,0.64328,0.64326,0.64331,0.64319,71,"2023-11-08 06:32:01",MINUTE_10
"2023-11-08 17:20:00","2023-11-08 06:20:00",AUD/USD,0.64307,0.64312,0.64325,0.643,105,"2023-11-08 06:22:05",MINUTE_10
"2023-11-08 17:10:00","2023-11-08 06:10:00",AUD/USD,0.64279,0.64288,0.6429,0.64275,70,"2023-11-08 06:12:01",MINUTE_10
"2023-11-08 17:00:00","2023-11-08 06:00:00",AUD/USD,0.64312,0.64271,0.64319,0.6427,124,"2023-11-08 06:02:04",MINUTE_10
"2023-11-08 16:50:00","2023-11-08 05:50:00",AUD/USD,0.64323,0.64339,0.64342,0.64323,90,"2023-11-08 05:52:05",MINUTE_10
"2023-11-08 16:40:00","2023-11-08 05:40:00",AUD/USD,0.64333,0.64325,0.64335,0.64324,56,"2023-11-08 05:42:01",MINUTE_10
"2023-11-08 16:30:00","2023-11-08 05:30:00",AUD/USD,0.64336,0.64336,0.64341,0.6433,64,"2023-11-08 05:32:02",MINUTE_10
"2023-11-08 16:20:00","2023-11-08 05:20:00",AUD/USD,0.64382,0.64389,0.64389,0.64381,18,"2023-11-08 05:22:05",MINUTE_10
"2023-11-08 16:10:00","2023-11-08 05:10:00",AUD/USD,0.64389,0.64391,0.64393,0.64386,18,"2023-11-08 05:12:00",MINUTE_10
"2023-11-08 16:00:00","2023-11-08 05:00:00",AUD/USD,0.64391,0.64394,0.64402,0.64388,47,"2023-11-08 05:02:03",MINUTE_10
"2023-11-08 15:50:00","2023-11-08 04:50:00",AUD/USD,0.6438,0.64391,0.64391,0.64377,36,"2023-11-08 04:52:05",MINUTE_10
"2023-11-08 15:40:00","2023-11-08 04:40:00",AUD/USD,0.64392,0.64393,0.6441,0.64388,48,"2023-11-08 04:42:05",MINUTE_10
"2023-11-08 15:30:00","2023-11-08 04:30:00",AUD/USD,0.64378,0.64391,0.64391,0.6437,42,"2023-11-08 04:32:02",MINUTE_10
"2023-11-08 15:20:00","2023-11-08 04:20:00",AUD/USD,0.64354,0.64356,0.64363,0.6435,40,"2023-11-08 04:22:06",MINUTE_10
"2023-11-08 15:10:00","2023-11-08 04:10:00",AUD/USD,0.64355,0.64358,0.64361,0.64354,25,"2023-11-08 04:12:01",MINUTE_10
"2023-11-08 15:00:00","2023-11-08 04:00:00",AUD/USD,0.6437,0.64375,0.64376,0.64364,52,"2023-11-08 04:02:02",MINUTE_10
"2023-11-08 14:50:00","2023-11-08 03:50:00",AUD/USD,0.64391,0.64394,0.64398,0.64391,32,"2023-11-08 03:52:06",MINUTE_10
"2023-11-08 14:40:00","2023-11-08 03:40:00",AUD/USD,0.64411,0.64414,0.64422,0.6441,47,"2023-11-08 03:42:05",MINUTE_10
"2023-11-08 14:30:00","2023-11-08 03:30:00",AUD/USD,0.64428,0.64416,0.64437,0.64416,57,"2023-11-08 03:32:02",MINUTE_10
"2023-11-08 14:20:00","2023-11-08 03:20:00",AUD/USD,0.64394,0.6441,0.64411,0.64393,54,"2023-11-08 03:22:05",MINUTE_10
"2023-11-08 14:10:00","2023-11-08 03:10:00",AUD/USD,0.64422,0.64421,0.64431,0.64419,66,"2023-11-08 03:12:01",MINUTE_10
"2023-11-08 14:00:00","2023-11-08 03:00:00",AUD/USD,0.64435,0.6445,0.64465,0.64424,129,"2023-11-08 03:02:01",MINUTE_10
"2023-11-08 13:50:00","2023-11-08 02:50:00",AUD/USD,0.64427,0.64415,0.6443,0.6441,66,"2023-11-08 02:52:05",MINUTE_10
"2023-11-08 13:40:00","2023-11-08 02:40:00",AUD/USD,0.64429,0.64439,0.64447,0.64426,91,"2023-11-08 02:42:05",MINUTE_10
"2023-11-08 13:30:00","2023-11-08 02:30:00",AUD/USD,0.64438,0.64418,0.64442,0.64411,106,"2023-11-08 02:32:02",MINUTE_10
"2023-11-08 13:20:00","2023-11-08 02:20:00",AUD/USD,0.64483,0.64486,0.64495,0.64474,130,"2023-11-08 02:22:05",MINUTE_10
"2023-11-08 13:10:00","2023-11-08 02:10:00",AUD/USD,0.64354,0.64372,0.64372,0.64351,77,"2023-11-08 02:12:05",MINUTE_10
"2023-11-08 13:00:00","2023-11-08 02:00:00",AUD/USD,0.64332,0.64314,0.64335,0.64309,96,"2023-11-08 02:02:02",MINUTE_10
"2023-11-08 12:50:00","2023-11-08 01:50:00",AUD/USD,0.64287,0.64293,0.64301,0.64283,73,"2023-11-08 01:52:05",MINUTE_10
"2023-11-08 12:40:00","2023-11-08 01:40:00",AUD/USD,0.64274,0.64279,0.64291,0.6427,70,"2023-11-08 01:42:05",MINUTE_10
"2023-11-08 12:30:00","2023-11-08 01:30:00",AUD/USD,0.64271,0.64264,0.64277,0.64255,111,"2023-11-08 01:32:02",MINUTE_10
"2023-11-08 12:20:00","2023-11-08 01:20:00",AUD/USD,0.64272,0.64274,0.64291,0.64272,52,"2023-11-08 01:22:05",MINUTE_10
"2023-11-08 12:10:00","2023-11-08 01:10:00",AUD/USD,0.64289,0.64294,0.64295,0.64284,38,"2023-11-08 01:12:01",MINUTE_10
"2023-11-08 12:00:00","2023-11-08 01:00:00",AUD/USD,0.64258,0.64235,0.64262,0.6423,89,"2023-11-08 01:02:02",MINUTE_10
"2023-11-08 11:50:00","2023-11-08 00:50:00",AUD/USD,0.64269,0.6426,0.64276,0.6426,52,"2023-11-08 00:52:06",MINUTE_10
"2023-11-08 11:40:00","2023-11-08 00:40:00",AUD/USD,0.64279,0.6426,0.64285,0.64258,64,"2023-11-08 00:42:01",MINUTE_10
"2023-11-08 11:30:00","2023-11-08 00:30:00",AUD/USD,0.6431,0.643,0.6431,0.643,31,"2023-11-08 00:32:02",MINUTE_10
"2023-11-08 11:20:00","2023-11-08 00:20:00",AUD/USD,0.64298,0.64291,0.64302,0.6429,32,"2023-11-08 00:22:05",MINUTE_10
"2023-11-08 11:10:00","2023-11-08 00:10:00",AUD/USD,0.643,0.64292,0.64303,0.64289,68,"2023-11-08 00:12:06",MINUTE_10
"2023-11-08 11:00:00","2023-11-08 00:00:00",AUD/USD,0.64306,0.64297,0.64306,0.64293,62,"2023-11-08 00:02:01",MINUTE_10
"2023-11-08 10:50:00","2023-11-07 23:50:00",AUD/USD,0.64312,0.64311,0.64312,0.64311,8,"2023-11-07 23:52:05",MINUTE_10
"2023-11-08 10:40:00","2023-11-07 23:40:00",AUD/USD,0.64319,0.64323,0.64324,0.64317,27,"2023-11-07 23:42:05",MINUTE_10
"2023-11-08 10:30:00","2023-11-07 23:30:00",AUD/USD,0.64304,0.64311,0.64311,0.64304,16,"2023-11-07 23:32:02",MINUTE_10
"2023-11-08 10:20:00","2023-11-07 23:20:00",AUD/USD,0.64326,0.64325,0.64328,0.64325,32,"2023-11-07 23:22:05",MINUTE_10
"2023-11-08 10:10:00","2023-11-07 23:10:00",AUD/USD,0.64332,0.6433,0.64338,0.64329,27,"2023-11-07 23:12:05",MINUTE_10
"2023-11-08 10:00:00","2023-11-07 23:00:00",AUD/USD,0.64375,0.64364,0.64375,0.64363,86,"2023-11-07 23:02:02",MINUTE_10
"2023-11-08 09:50:00","2023-11-07 22:50:00",AUD/USD,0.64378,0.64378,0.64378,0.64377,15,"2023-11-07 22:52:05",MINUTE_10
"2023-11-08 09:40:00","2023-11-07 22:40:00",AUD/USD,0.64369,0.64372,0.64374,0.64369,44,"2023-11-07 22:42:05",MINUTE_10
"2023-11-08 09:30:00","2023-11-07 22:30:00",AUD/USD,0.64377,0.6437,0.64378,0.6437,27,"2023-11-07 22:32:01",MINUTE_10
"2023-11-08 09:20:00","2023-11-07 22:20:00",AUD/USD,0.6438,0.6438,0.64386,0.6438,6,"2023-11-07 22:22:05",MINUTE_10
"2023-11-08 09:10:00","2023-11-07 22:10:00",AUD/USD,0.6439,0.64415,0.64415,0.64386,24,"2023-11-07 22:12:05",MINUTE_10
"2023-11-08 09:00:00","2023-11-07 22:00:00",AUD/USD,0.64393,0.64397,0.64397,0.64389,7,"2023-11-07 22:02:01",MINUTE_10
"2023-11-08 08:50:00","2023-11-07 21:50:00",AUD/USD,0.64361,0.6436,0.64365,0.6436,28,"2023-11-07 21:52:05",MINUTE_10
"2023-11-08 08:40:00","2023-11-07 21:40:00",AUD/USD,0.64372,0.64369,0.64374,0.64369,16,"2023-11-07 21:42:01",MINUTE_10
"2023-11-08 08:30:00","2023-11-07 21:30:00",AUD/USD,0.64368,0.6437,0.64371,0.64367,17,"2023-11-07 21:32:01",MINUTE_10
"2023-11-08 08:20:00","2023-11-07 21:20:00",AUD/USD,0.64352,0.64352,0.64352,0.6435,7,"2023-11-07 21:22:05",MINUTE_10
"2023-11-08 08:10:00","2023-11-07 21:10:00",AUD/USD,0.64339,0.64337,0.6434,0.64336,18,"2023-11-07 21:12:05",MINUTE_10
"2023-11-08 08:00:00","2023-11-07 21:00:00",AUD/USD,0.64332,0.64336,0.64336,0.64328,21,"2023-11-07 21:02:01",MINUTE_10
"2023-11-08 07:50:00","2023-11-07 20:50:00",AUD/USD,0.64345,0.64333,0.64345,0.64328,59,"2023-11-07 20:52:05",MINUTE_10
"2023-11-08 07:40:00","2023-11-07 20:40:00",AUD/USD,0.64349,0.64346,0.6435,0.64341,41,"2023-11-07 20:42:05",MINUTE_10
"2023-11-08 07:30:00","2023-11-07 20:30:00",AUD/USD,0.64328,0.6433,0.64334,0.64326,51,"2023-11-07 20:32:01",MINUTE_10
"2023-11-08 07:20:00","2023-11-07 20:20:00",AUD/USD,0.64317,0.64321,0.64321,0.64312,46,"2023-11-07 20:22:05",MINUTE_10
"2023-11-08 07:10:00","2023-11-07 20:10:00",AUD/USD,0.64296,0.64294,0.64297,0.64287,54,"2023-11-07 20:12:01",MINUTE_10
"2023-11-08 07:00:00","2023-11-07 20:00:00",AUD/USD,0.64321,0.64312,0.64322,0.64312,46,"2023-11-07 20:02:01",MINUTE_10
"2023-11-08 06:50:00","2023-11-07 19:50:00",AUD/USD,0.64333,0.64331,0.64346,0.6433,42,"2023-11-07 19:52:05",MINUTE_10
"2023-11-08 06:40:00","2023-11-07 19:40:00",AUD/USD,0.64339,0.64339,0.64343,0.64334,60,"2023-11-07 19:42:01",MINUTE_10
"2023-11-08 06:30:00","2023-11-07 19:30:00",AUD/USD,0.6437,0.64366,0.64382,0.64366,70,"2023-11-07 19:32:02",MINUTE_10
"2023-11-08 06:20:00","2023-11-07 19:20:00",AUD/USD,0.64377,0.64374,0.64377,0.64368,55,"2023-11-07 19:22:04",MINUTE_10
"2023-11-08 06:10:00","2023-11-07 19:10:00",AUD/USD,0.64345,0.64355,0.64355,0.64342,74,"2023-11-07 19:12:05",MINUTE_10
"2023-11-08 06:00:00","2023-11-07 19:00:00",AUD/USD,0.64329,0.64334,0.64341,0.64324,71,"2023-11-07 19:02:01",MINUTE_10
"2023-11-08 05:50:00","2023-11-07 18:50:00",AUD/USD,0.64301,0.64308,0.64309,0.64301,22,"2023-11-07 18:52:05",MINUTE_10
"2023-11-08 05:40:00","2023-11-07 18:40:00",AUD/USD,0.64282,0.64288,0.64292,0.64277,61,"2023-11-07 18:42:05",MINUTE_10
"2023-11-08 05:30:00","2023-11-07 18:30:00",AUD/USD,0.64272,0.64273,0.64283,0.64266,108,"2023-11-07 18:32:02",MINUTE_10
"2023-11-08 05:20:00","2023-11-07 18:20:00",AUD/USD,0.64252,0.6424,0.6426,0.64239,85,"2023-11-07 18:22:05",MINUTE_10
"2023-11-08 05:10:00","2023-11-07 18:10:00",AUD/USD,0.64228,0.6423,0.64232,0.6422,64,"2023-11-07 18:12:01",MINUTE_10
"2023-11-08 05:00:00","2023-11-07 18:00:00",AUD/USD,0.64185,0.64189,0.64195,0.64176,117,"2023-11-07 18:02:01",MINUTE_10
"2023-11-08 04:50:00","2023-11-07 17:50:00",AUD/USD,0.6417,0.64181,0.64181,0.64167,72,"2023-11-07 17:52:05",MINUTE_10
"2023-11-08 04:40:00","2023-11-07 17:40:00",AUD/USD,0.64156,0.64161,0.64162,0.64152,46,"2023-11-07 17:42:01",MINUTE_10
"2023-11-08 04:30:00","2023-11-07 17:30:00",AUD/USD,0.6415,0.64128,0.6415,0.64128,75,"2023-11-07 17:32:02",MINUTE_10
"2023-11-08 04:20:00","2023-11-07 17:20:00",AUD/USD,0.64179,0.64179,0.64179,0.64173,63,"2023-11-07 17:22:05",MINUTE_10
"2023-11-08 04:10:00","2023-11-07 17:10:00",AUD/USD,0.64194,0.64185,0.64202,0.64183,106,"2023-11-07 17:12:01",MINUTE_10
"2023-11-08 04:00:00","2023-11-07 17:00:00",AUD/USD,0.6424,0.6422,0.6424,0.64203,135,"2023-11-07 17:02:01",MINUTE_10
"2023-11-08 03:50:00","2023-11-07 16:50:00",AUD/USD,0.64218,0.64233,0.64239,0.64218,97,"2023-11-07 16:52:06",MINUTE_10
"2023-11-08 03:40:00","2023-11-07 16:40:00",AUD/USD,0.6425,0.64257,0.64258,0.64239,83,"2023-11-07 16:42:01",MINUTE_10
"2023-11-08 03:30:00","2023-11-07 16:30:00",AUD/USD,0.64216,0.6423,0.64233,0.64208,107,"2023-11-07 16:32:01",MINUTE_10
"2023-11-08 03:20:00","2023-11-07 16:20:00",AUD/USD,0.64215,0.64228,0.64237,0.64215,115,"2023-11-07 16:22:05",MINUTE_10
"2023-11-08 03:10:00","2023-11-07 16:10:00",AUD/USD,0.64235,0.64257,0.64279,0.64235,157,"2023-11-07 16:12:05",MINUTE_10
"2023-11-08 03:00:00","2023-11-07 16:00:00",AUD/USD,0.64225,0.64224,0.64234,0.64221,129,"2023-11-07 16:02:01",MINUTE_10
"2023-11-08 02:50:00","2023-11-07 15:50:00",AUD/USD,0.642,0.64183,0.64204,0.64183,123,"2023-11-07 15:52:05",MINUTE_10
"2023-11-08 02:40:00","2023-11-07 15:40:00",AUD/USD,0.64209,0.64168,0.64209,0.64168,139,"2023-11-07 15:42:05",MINUTE_10
"2023-11-08 02:30:00","2023-11-07 15:30:00",AUD/USD,0.64195,0.64207,0.64224,0.6418,132,"2023-11-07 15:32:01",MINUTE_10
"2023-11-08 02:20:00","2023-11-07 15:20:00",AUD/USD,0.64215,0.64172,0.64216,0.64168,127,"2023-11-07 15:22:05",MINUTE_10
"2023-11-08 02:10:00","2023-11-07 15:10:00",AUD/USD,0.64185,0.6421,0.64217,0.64184,130,"2023-11-07 15:12:01",MINUTE_10
"2023-11-08 02:00:00","2023-11-07 15:00:00",AUD/USD,0.64134,0.64147,0.64152,0.64133,114,"2023-11-07 15:02:00",MINUTE_10
"2023-11-08 01:50:00","2023-11-07 14:50:00",AUD/USD,0.64107,0.64103,0.64126,0.64096,155,"2023-11-07 14:52:05",MINUTE_10
"2023-11-08 01:40:00","2023-11-07 14:40:00",AUD/USD,0.64098,0.64093,0.64131,0.64092,196,"2023-11-07 14:42:06",MINUTE_10
"2023-11-08 01:30:00","2023-11-07 14:30:00",AUD/USD,0.64101,0.64067,0.64109,0.64067,220,"2023-11-07 14:32:02",MINUTE_10
"2023-11-08 01:20:00","2023-11-07 14:20:00",AUD/USD,0.641,0.64121,0.64127,0.64096,148,"2023-11-07 14:22:05",MINUTE_10
"2023-11-08 01:10:00","2023-11-07 14:10:00",AUD/USD,0.64086,0.64062,0.64086,0.64056,132,"2023-11-07 14:12:05",MINUTE_10
"2023-11-08 01:00:00","2023-11-07 14:00:00",AUD/USD,0.64165,0.64138,0.64184,0.64134,129,"2023-11-07 14:02:01",MINUTE_10
"2023-11-08 00:50:00","2023-11-07 13:50:00",AUD/USD,0.64112,0.64138,0.64146,0.64111,125,"2023-11-07 13:52:05",MINUTE_10
"2023-11-08 00:40:00","2023-11-07 13:40:00",AUD/USD,0.64149,0.64157,0.64159,0.64147,97,"2023-11-07 13:42:05",MINUTE_10
"2023-11-08 00:30:00","2023-11-07 13:30:00",AUD/USD,0.64142,0.64151,0.64173,0.64142,116,"2023-11-07 13:32:02",MINUTE_10
"2023-11-08 00:20:00","2023-11-07 13:20:00",AUD/USD,0.6418,0.64179,0.64186,0.6417,133,"2023-11-07 13:22:05",MINUTE_10
"2023-11-08 00:10:00","2023-11-07 13:10:00",AUD/USD,0.64237,0.64204,0.64239,0.64196,130,"2023-11-07 13:12:01",MINUTE_10
"2023-11-08 00:00:00","2023-11-07 13:00:00",AUD/USD,0.64172,0.6417,0.64178,0.64157,95,"2023-11-07 13:02:02",MINUTE_10
"2023-11-07 23:50:00","2023-11-07 12:50:00",AUD/USD,0.642,0.64169,0.64206,0.64166,78,"2023-11-07 12:52:05",MINUTE_10
"2023-11-07 23:40:00","2023-11-07 12:40:00",AUD/USD,0.64212,0.64193,0.64213,0.64193,77,"2023-11-07 12:42:01",MINUTE_10
"2023-11-07 23:30:00","2023-11-07 12:30:00",AUD/USD,0.64215,0.64229,0.64236,0.64215,76,"2023-11-07 12:32:01",MINUTE_10
"2023-11-07 23:20:00","2023-11-07 12:20:00",AUD/USD,0.64254,0.64219,0.64254,0.64218,90,"2023-11-07 12:22:05",MINUTE_10
"2023-11-07 23:10:00","2023-11-07 12:10:00",AUD/USD,0.64183,0.64203,0.64206,0.64181,64,"2023-11-07 12:12:01",MINUTE_10
"2023-11-07 23:00:00","2023-11-07 12:00:00",AUD/USD,0.64183,0.642,0.64205,0.64183,81,"2023-11-07 12:02:01",MINUTE_10
"2023-11-07 22:50:00","2023-11-07 11:50:00",AUD/USD,0.64124,0.64137,0.6414,0.64122,64,"2023-11-07 11:52:05",MINUTE_10
"2023-11-07 22:40:00","2023-11-07 11:40:00",AUD/USD,0.64108,0.64107,0.64123,0.64106,93,"2023-11-07 11:42:01",MINUTE_10
"2023-11-07 22:30:00","2023-11-07 11:30:00",AUD/USD,0.64154,0.64142,0.64159,0.64128,85,"2023-11-07 11:32:02",MINUTE_10
"2023-11-07 22:20:00","2023-11-07 11:20:00",AUD/USD,0.64155,0.64167,0.64173,0.6415,87,"2023-11-07 11:22:05",MINUTE_10
"2023-11-07 22:10:00","2023-11-07 11:10:00",AUD/USD,0.64218,0.64208,0.64219,0.64208,87,"2023-11-07 11:12:01",MINUTE_10
"2023-11-07 22:00:00","2023-11-07 11:00:00",AUD/USD,0.64222,0.64231,0.64234,0.64218,80,"2023-11-07 11:02:01",MINUTE_10
"2023-11-07 21:50:00","2023-11-07 10:50:00",AUD/USD,0.64241,0.64227,0.64245,0.64227,72,"2023-11-07 10:52:05",MINUTE_10
"2023-11-07 21:40:00","2023-11-07 10:40:00",AUD/USD,0.64258,0.64256,0.64269,0.64251,108,"2023-11-07 10:42:01",MINUTE_10
"2023-11-07 21:30:00","2023-11-07 10:30:00",AUD/USD,0.64268,0.6428,0.64282,0.64267,90,"2023-11-07 10:32:02",MINUTE_10
"2023-11-07 21:20:00","2023-11-07 10:20:00",AUD/USD,0.64253,0.64249,0.64256,0.64246,86,"2023-11-07 10:22:05",MINUTE_10
"2023-11-07 21:10:00","2023-11-07 10:10:00",AUD/USD,0.6422,0.6422,0.64229,0.64217,66,"2023-11-07 10:12:01",MINUTE_10
"2023-11-07 21:00:00","2023-11-07 10:00:00",AUD/USD,0.6422,0.64202,0.64224,0.64201,124,"2023-11-07 10:02:03",MINUTE_10
"2023-11-07 20:50:00","2023-11-07 09:50:00",AUD/USD,0.64261,0.64263,0.64272,0.64256,82,"2023-11-07 09:52:05",MINUTE_10
"2023-11-07 20:40:00","2023-11-07 09:40:00",AUD/USD,0.64264,0.64271,0.64273,0.64264,66,"2023-11-07 09:42:05",MINUTE_10
"2023-11-07 20:30:00","2023-11-07 09:30:00",AUD/USD,0.64268,0.64261,0.64268,0.64258,54,"2023-11-07 09:32:01",MINUTE_10
"2023-11-07 20:20:00","2023-11-07 09:20:00",AUD/USD,0.64244,0.64243,0.6425,0.64238,86,"2023-11-07 09:22:05",MINUTE_10
"2023-11-07 20:10:00","2023-11-07 09:10:00",AUD/USD,0.64267,0.64281,0.64282,0.64261,110,"2023-11-07 09:12:05",MINUTE_10
"2023-11-07 20:00:00","2023-11-07 09:00:00",AUD/USD,0.6434,0.6432,0.64345,0.64319,112,"2023-11-07 09:02:01",MINUTE_10
"2023-11-07 19:50:00","2023-11-07 08:50:00",AUD/USD,0.64366,0.64376,0.64383,0.64366,57,"2023-11-07 08:52:05",MINUTE_10
"2023-11-07 19:40:00","2023-11-07 08:40:00",AUD/USD,0.64329,0.64364,0.64365,0.6432,94,"2023-11-07 08:42:05",MINUTE_10
"2023-11-07 19:30:00","2023-11-07 08:30:00",AUD/USD,0.64314,0.64314,0.6432,0.64304,98,"2023-11-07 08:32:02",MINUTE_10
"2023-11-07 19:20:00","2023-11-07 08:20:00",AUD/USD,0.64335,0.64325,0.64337,0.64312,111,"2023-11-07 08:22:05",MINUTE_10
"2023-11-07 19:10:00","2023-11-07 08:10:00",AUD/USD,0.6429,0.64321,0.64323,0.64288,129,"2023-11-07 08:12:01",MINUTE_10
"2023-11-07 19:00:00","2023-11-07 08:00:00",AUD/USD,0.6424,0.64276,0.64285,0.64239,161,"2023-11-07 08:02:01",MINUTE_10
"2023-11-07 18:50:00","2023-11-07 07:50:00",AUD/USD,0.64209,0.64214,0.64215,0.64208,65,"2023-11-07 07:52:04",MINUTE_10
"2023-11-07 18:40:00","2023-11-07 07:40:00",AUD/USD,0.64254,0.64242,0.64261,0.64235,69,"2023-11-07 07:42:00",MINUTE_10
"2023-11-07 18:30:00","2023-11-07 07:30:00",AUD/USD,0.64329,0.64272,0.6433,0.64271,124,"2023-11-07 07:32:01",MINUTE_10
"2023-11-07 18:20:00","2023-11-07 07:20:00",AUD/USD,0.6433,0.64319,0.64331,0.64318,89,"2023-11-07 07:22:05",MINUTE_10
"2023-11-07 18:10:00","2023-11-07 07:10:00",AUD/USD,0.6431,0.64314,0.64316,0.64306,54,"2023-11-07 07:12:01",MINUTE_10
"2023-11-07 18:00:00","2023-11-07 07:00:00",AUD/USD,0.64288,0.643,0.64307,0.64287,110,"2023-11-07 07:02:01",MINUTE_10
"2023-11-07 17:50:00","2023-11-07 06:50:00",AUD/USD,0.64239,0.64249,0.6425,0.64229,72,"2023-11-07 06:52:04",MINUTE_10
"2023-11-07 17:40:00","2023-11-07 06:40:00",AUD/USD,0.64285,0.64277,0.64295,0.64276,78,"2023-11-07 06:42:01",MINUTE_10
"2023-11-07 17:30:00","2023-11-07 06:30:00",AUD/USD,0.64314,0.64322,0.64324,0.64299,99,"2023-11-07 06:32:01",MINUTE_10
"2023-11-07 17:20:00","2023-11-07 06:20:00",AUD/USD,0.6433,0.64328,0.64333,0.64323,84,"2023-11-07 06:22:05",MINUTE_10
"2023-11-07 17:10:00","2023-11-07 06:10:00",AUD/USD,0.64387,0.64364,0.64395,0.64364,98,"2023-11-07 06:12:01",MINUTE_10
"2023-11-07 17:00:00","2023-11-07 06:00:00",AUD/USD,0.64382,0.64371,0.64384,0.64357,93,"2023-11-07 06:02:01",MINUTE_10
"2023-11-07 16:50:00","2023-11-07 05:50:00",AUD/USD,0.64336,0.64345,0.64346,0.64333,50,"2023-11-07 05:52:05",MINUTE_10
"2023-11-07 16:40:00","2023-11-07 05:40:00",AUD/USD,0.64357,0.6435,0.6436,0.64338,78,"2023-11-07 05:42:01",MINUTE_10
"2023-11-07 16:30:00","2023-11-07 05:30:00",AUD/USD,0.64316,0.64329,0.64329,0.6431,75,"2023-11-07 05:32:02",MINUTE_10
"2023-11-07 16:20:00","2023-11-07 05:20:00",AUD/USD,0.64385,0.64376,0.64389,0.6437,66,"2023-11-07 05:22:05",MINUTE_10
"2023-11-07 16:10:00","2023-11-07 05:10:00",AUD/USD,0.64368,0.64365,0.64372,0.64348,80,"2023-11-07 05:12:05",MINUTE_10
"2023-11-07 16:00:00","2023-11-07 05:00:00",AUD/USD,0.64384,0.64395,0.644,0.64381,83,"2023-11-07 05:02:02",MINUTE_10
"2023-11-07 15:50:00","2023-11-07 04:50:00",AUD/USD,0.64368,0.64379,0.64382,0.64355,98,"2023-11-07 04:52:05",MINUTE_10
"2023-11-07 15:40:00","2023-11-07 04:40:00",AUD/USD,0.64434,0.64437,0.64442,0.64432,76,"2023-11-07 04:42:01",MINUTE_10
"2023-11-07 15:30:00","2023-11-07 04:30:00",AUD/USD,0.64542,0.64521,0.64546,0.64521,97,"2023-11-07 04:32:02",MINUTE_10
"2023-11-07 15:20:00","2023-11-07 04:20:00",AUD/USD,0.64608,0.64592,0.64611,0.64591,62,"2023-11-07 04:22:05",MINUTE_10
"2023-11-07 15:10:00","2023-11-07 04:10:00",AUD/USD,0.64637,0.64634,0.64643,0.64632,77,"2023-11-07 04:12:01",MINUTE_10
"2023-11-07 15:00:00","2023-11-07 04:00:00",AUD/USD,0.64606,0.64607,0.64613,0.64598,102,"2023-11-07 04:02:02",MINUTE_10
"2023-11-07 14:50:00","2023-11-07 03:50:00",AUD/USD,0.64627,0.64576,0.64634,0.64571,129,"2023-11-07 03:52:05",MINUTE_10
"2023-11-07 14:40:00","2023-11-07 03:40:00",AUD/USD,0.64663,0.64637,0.64665,0.64632,205,"2023-11-07 03:42:00",MINUTE_10
"2023-11-07 14:30:00","2023-11-07 03:30:00",AUD/USD,0.64919,0.64611,0.65043,0.64554,829,"2023-11-07 03:32:01",MINUTE_10
"2023-11-07 14:20:00","2023-11-07 03:20:00",AUD/USD,0.6484,0.64833,0.6484,0.64824,71,"2023-11-07 03:22:05",MINUTE_10
"2023-11-07 14:10:00","2023-11-07 03:10:00",AUD/USD,0.64868,0.64873,0.64877,0.64867,63,"2023-11-07 03:12:05",MINUTE_10
"2023-11-07 14:00:00","2023-11-07 03:00:00",AUD/USD,0.64847,0.64881,0.64884,0.64846,125,"2023-11-07 03:02:01",MINUTE_10
"2023-11-07 13:50:00","2023-11-07 02:50:00",AUD/USD,0.64835,0.64854,0.64855,0.64834,51,"2023-11-07 02:52:05",MINUTE_10
"2023-11-07 13:40:00","2023-11-07 02:40:00",AUD/USD,0.64812,0.64807,0.64812,0.64802,44,"2023-11-07 02:42:01",MINUTE_10
"2023-11-07 13:30:00","2023-11-07 02:30:00",AUD/USD,0.6476,0.64773,0.64773,0.64758,71,"2023-11-07 02:32:01",MINUTE_10
"2023-11-07 13:20:00","2023-11-07 02:20:00",AUD/USD,0.64747,0.64749,0.64753,0.64733,53,"2023-11-07 02:22:05",MINUTE_10
"2023-11-07 13:10:00","2023-11-07 02:10:00",AUD/USD,0.64752,0.64731,0.64754,0.64726,62,"2023-11-07 02:12:05",MINUTE_10
"2023-11-07 13:00:00","2023-11-07 02:00:00",AUD/USD,0.64761,0.64753,0.64762,0.6475,79,"2023-11-07 02:02:01",MINUTE_10
"2023-11-07 12:50:00","2023-11-07 01:50:00",AUD/USD,0.64773,0.64744,0.64773,0.64721,150,"2023-11-07 01:52:05",MINUTE_10
"2023-11-07 12:40:00","2023-11-07 01:40:00",AUD/USD,0.64792,0.64797,0.64803,0.64786,57,"2023-11-07 01:42:01",MINUTE_10
"2023-11-07 12:30:00","2023-11-07 01:30:00",AUD/USD,0.64785,0.64782,0.6479,0.64773,146,"2023-11-07 01:32:01",MINUTE_10
"2023-11-07 12:20:00","2023-11-07 01:20:00",AUD/USD,0.64799,0.64789,0.64806,0.64788,92,"2023-11-07 01:22:05",MINUTE_10
"2023-11-07 12:10:00","2023-11-07 01:10:00",AUD/USD,0.6481,0.64811,0.64817,0.64807,104,"2023-11-07 01:12:05",MINUTE_10
"2023-11-07 12:00:00","2023-11-07 01:00:00",AUD/USD,0.64847,0.64833,0.64847,0.64825,168,"2023-11-07 01:02:01",MINUTE_10
"2023-11-07 11:50:00","2023-11-07 00:50:00",AUD/USD,0.64897,0.64896,0.64911,0.64894,54,"2023-11-07 00:52:05",MINUTE_10
"2023-11-07 11:40:00","2023-11-07 00:40:00",AUD/USD,0.64914,0.64913,0.64916,0.64906,38,"2023-11-07 00:42:01",MINUTE_10
"2023-11-07 11:30:00","2023-11-07 00:30:00",AUD/USD,0.64903,0.64908,0.6491,0.64901,53,"2023-11-07 00:32:02",MINUTE_10
"2023-11-07 11:20:00","2023-11-07 00:20:00",AUD/USD,0.64911,0.64897,0.64911,0.64892,38,"2023-11-07 00:22:05",MINUTE_10
"2023-11-07 11:10:00","2023-11-07 00:10:00",AUD/USD,0.64899,0.64899,0.64901,0.64894,33,"2023-11-07 00:12:01",MINUTE_10
"2023-11-07 11:00:00","2023-11-07 00:00:00",AUD/USD,0.64893,0.64895,0.64903,0.64888,89,"2023-11-07 00:02:02",MINUTE_10
"2023-11-07 10:50:00","2023-11-06 23:50:00",AUD/USD,0.64903,0.64898,0.64903,0.64897,19,"2023-11-06 23:52:05",MINUTE_10
"2023-11-07 10:40:00","2023-11-06 23:40:00",AUD/USD,0.64903,0.64908,0.64909,0.64901,32,"2023-11-06 23:42:01",MINUTE_10
"2023-11-07 10:30:00","2023-11-06 23:30:00",AUD/USD,0.6492,0.64919,0.6492,0.64914,33,"2023-11-06 23:32:01",MINUTE_10
"2023-11-07 10:20:00","2023-11-06 23:20:00",AUD/USD,0.64915,0.64915,0.64918,0.6491,25,"2023-11-06 23:22:05",MINUTE_10
"2023-11-07 10:10:00","2023-11-06 23:10:00",AUD/USD,0.6491,0.64921,0.64922,0.6491,59,"2023-11-06 23:12:01",MINUTE_10
"2023-11-07 10:00:00","2023-11-06 23:00:00",AUD/USD,0.64926,0.6491,0.64926,0.64904,75,"2023-11-06 23:02:02",MINUTE_10
"2023-11-07 09:50:00","2023-11-06 22:50:00",AUD/USD,0.64915,0.64921,0.64924,0.64914,43,"2023-11-06 22:52:05",MINUTE_10
"2023-11-07 09:40:00","2023-11-06 22:40:00",AUD/USD,0.64906,0.64906,0.64906,0.64905,8,"2023-11-06 22:42:00",MINUTE_10
"2023-11-07 09:30:00","2023-11-06 22:30:00",AUD/USD,0.64922,0.6492,0.64922,0.64919,63,"2023-11-06 22:32:01",MINUTE_10
"2023-11-07 09:20:00","2023-11-06 22:20:00",AUD/USD,0.64922,0.64924,0.64925,0.64921,10,"2023-11-06 22:22:05",MINUTE_10
"2023-11-07 09:10:00","2023-11-06 22:10:00",AUD/USD,0.64924,0.64923,0.64924,0.64921,6,"2023-11-06 22:12:05",MINUTE_10
"2023-11-07 09:00:00","2023-11-06 22:00:00",AUD/USD,0.64944,0.64932,0.64944,0.64929,8,"2023-11-06 22:02:02",MINUTE_10
"2023-11-07 08:50:00","2023-11-06 21:50:00",AUD/USD,0.64886,0.6489,0.64891,0.64886,17,"2023-11-06 21:52:05",MINUTE_10
"2023-11-07 08:40:00","2023-11-06 21:40:00",AUD/USD,0.64873,0.64878,0.6488,0.64872,31,"2023-11-06 21:42:06",MINUTE_10
"2023-11-07 08:30:00","2023-11-06 21:30:00",AUD/USD,0.64864,0.64869,0.64869,0.64863,13,"2023-11-06 21:32:02",MINUTE_10
"2023-11-07 08:20:00","2023-11-06 21:20:00",AUD/USD,0.64873,0.64863,0.64874,0.64862,33,"2023-11-06 21:22:05",MINUTE_10
"2023-11-07 08:10:00","2023-11-06 21:10:00",AUD/USD,0.64885,0.64878,0.64885,0.64877,21,"2023-11-06 21:12:01",MINUTE_10
"2023-11-07 08:00:00","2023-11-06 21:00:00",AUD/USD,0.64891,0.64891,0.64897,0.64889,75,"2023-11-06 21:02:02",MINUTE_10
"2023-11-07 07:50:00","2023-11-06 20:50:00",AUD/USD,0.64883,0.64882,0.64884,0.64877,53,"2023-11-06 20:52:05",MINUTE_10
"2023-11-07 07:40:00","2023-11-06 20:40:00",AUD/USD,0.64882,0.6488,0.64883,0.64879,30,"2023-11-06 20:42:05",MINUTE_10
"2023-11-07 07:30:00","2023-11-06 20:30:00",AUD/USD,0.6488,0.64882,0.64884,0.64877,47,"2023-11-06 20:32:02",MINUTE_10
"2023-11-07 07:20:00","2023-11-06 20:20:00",AUD/USD,0.64888,0.64892,0.64895,0.64879,102,"2023-11-06 20:22:05",MINUTE_10
"2023-11-07 07:10:00","2023-11-06 20:10:00",AUD/USD,0.64901,0.64893,0.64909,0.64893,90,"2023-11-06 20:12:06",MINUTE_10
"2023-11-07 07:00:00","2023-11-06 20:00:00",AUD/USD,0.64915,0.64908,0.64915,0.64898,79,"2023-11-06 20:02:01",MINUTE_10
"2023-11-07 06:50:00","2023-11-06 19:50:00",AUD/USD,0.64924,0.64928,0.64931,0.64923,35,"2023-11-06 19:52:05",MINUTE_10
"2023-11-07 06:40:00","2023-11-06 19:40:00",AUD/USD,0.64903,0.64925,0.64926,0.64899,45,"2023-11-06 19:42:00",MINUTE_10
"2023-11-07 06:30:00","2023-11-06 19:30:00",AUD/USD,0.64916,0.64923,0.64924,0.64913,44,"2023-11-06 19:32:01",MINUTE_10
"2023-11-07 06:20:00","2023-11-06 19:20:00",AUD/USD,0.64915,0.64902,0.64923,0.649,51,"2023-11-06 19:22:05",MINUTE_10
"2023-11-07 06:10:00","2023-11-06 19:10:00",AUD/USD,0.64896,0.64903,0.64906,0.64885,104,"2023-11-06 19:12:05",MINUTE_10
"2023-11-07 06:00:00","2023-11-06 19:00:00",AUD/USD,0.64958,0.64961,0.64966,0.64957,90,"2023-11-06 19:02:02",MINUTE_10
"2023-11-07 05:50:00","2023-11-06 18:50:00",AUD/USD,0.6496,0.64964,0.64965,0.64958,60,"2023-11-06 18:52:05",MINUTE_10
"2023-11-07 05:40:00","2023-11-06 18:40:00",AUD/USD,0.64973,0.64976,0.64978,0.6497,66,"2023-11-06 18:42:05",MINUTE_10
"2023-11-07 05:30:00","2023-11-06 18:30:00",AUD/USD,0.64948,0.64953,0.64953,0.64944,73,"2023-11-06 18:32:02",MINUTE_10
"2023-11-07 05:20:00","2023-11-06 18:20:00",AUD/USD,0.64939,0.64937,0.6494,0.64924,83,"2023-11-06 18:22:05",MINUTE_10
"2023-11-07 05:10:00","2023-11-06 18:10:00",AUD/USD,0.64953,0.64961,0.64963,0.64953,61,"2023-11-06 18:12:05",MINUTE_10
"2023-11-07 05:00:00","2023-11-06 18:00:00",AUD/USD,0.64969,0.64955,0.64975,0.64953,59,"2023-11-06 18:02:01",MINUTE_10
"2023-11-07 04:50:00","2023-11-06 17:50:00",AUD/USD,0.64961,0.64955,0.64964,0.64955,55,"2023-11-06 17:52:05",MINUTE_10
"2023-11-07 04:40:00","2023-11-06 17:40:00",AUD/USD,0.64969,0.64959,0.64969,0.64958,44,"2023-11-06 17:42:05",MINUTE_10
"2023-11-07 04:30:00","2023-11-06 17:30:00",AUD/USD,0.64991,0.64996,0.64999,0.64985,49,"2023-11-06 17:32:01",MINUTE_10
"2023-11-07 04:20:00","2023-11-06 17:20:00",AUD/USD,0.64992,0.6497,0.64993,0.64969,70,"2023-11-06 17:22:05",MINUTE_10
"2023-11-07 04:10:00","2023-11-06 17:10:00",AUD/USD,0.65007,0.65001,0.6501,0.64987,88,"2023-11-06 17:12:05",MINUTE_10
"2023-11-07 04:00:00","2023-11-06 17:00:00",AUD/USD,0.65004,0.65007,0.6501,0.65003,62,"2023-11-06 17:02:02",MINUTE_10
"2023-11-07 03:50:00","2023-11-06 16:50:00",AUD/USD,0.64974,0.64984,0.64984,0.64965,78,"2023-11-06 16:52:05",MINUTE_10
"2023-11-07 03:40:00","2023-11-06 16:40:00",AUD/USD,0.6501,0.64994,0.65012,0.64993,77,"2023-11-06 16:42:01",MINUTE_10
"2023-11-07 03:30:00","2023-11-06 16:30:00",AUD/USD,0.64983,0.6499,0.64993,0.64975,92,"2023-11-06 16:32:02",MINUTE_10
"2023-11-07 03:20:00","2023-11-06 16:20:00",AUD/USD,0.65007,0.64978,0.65009,0.64974,127,"2023-11-06 16:22:06",MINUTE_10
"2023-11-07 03:10:00","2023-11-06 16:10:00",AUD/USD,0.65036,0.65029,0.65038,0.65023,92,"2023-11-06 16:12:05",MINUTE_10
"2023-11-07 03:00:00","2023-11-06 16:00:00",AUD/USD,0.65026,0.65036,0.65044,0.65017,205,"2023-11-06 16:02:01",MINUTE_10
"2023-11-07 02:50:00","2023-11-06 15:50:00",AUD/USD,0.65018,0.65034,0.65037,0.65015,121,"2023-11-06 15:52:05",MINUTE_10
"2023-11-07 02:40:00","2023-11-06 15:40:00",AUD/USD,0.65051,0.65075,0.6508,0.6505,211,"2023-11-06 15:42:05",MINUTE_10
"2023-11-07 02:30:00","2023-11-06 15:30:00",AUD/USD,0.64988,0.6499,0.64997,0.6498,117,"2023-11-06 15:32:01",MINUTE_10
"2023-11-07 02:20:00","2023-11-06 15:20:00",AUD/USD,0.64973,0.64973,0.64982,0.64963,157,"2023-11-06 15:22:05",MINUTE_10
"2023-11-07 02:10:00","2023-11-06 15:10:00",AUD/USD,0.64977,0.64962,0.64982,0.64955,164,"2023-11-06 15:12:05",MINUTE_10
"2023-11-07 02:00:00","2023-11-06 15:00:00",AUD/USD,0.64987,0.65002,0.65004,0.64982,118,"2023-11-06 15:02:01",MINUTE_10
"2023-11-07 01:50:00","2023-11-06 14:50:00",AUD/USD,0.65018,0.65002,0.65028,0.65001,180,"2023-11-06 14:52:05",MINUTE_10
"2023-11-07 01:40:00","2023-11-06 14:40:00",AUD/USD,0.65014,0.65021,0.65038,0.6501,163,"2023-11-06 14:42:05",MINUTE_10
"2023-11-07 01:30:00","2023-11-06 14:30:00",AUD/USD,0.65022,0.65024,0.65039,0.65013,191,"2023-11-06 14:32:01",MINUTE_10
"2023-11-07 01:20:00","2023-11-06 14:20:00",AUD/USD,0.65027,0.65033,0.65033,0.65016,131,"2023-11-06 14:22:05",MINUTE_10
"2023-11-07 01:10:00","2023-11-06 14:10:00",AUD/USD,0.65029,0.65034,0.65038,0.65018,121,"2023-11-06 14:12:01",MINUTE_10
"2023-11-07 01:00:00","2023-11-06 14:00:00",AUD/USD,0.65006,0.65028,0.65028,0.65005,105,"2023-11-06 14:02:02",MINUTE_10
"2023-11-07 00:50:00","2023-11-06 13:50:00",AUD/USD,0.64999,0.64998,0.65005,0.64989,129,"2023-11-06 13:52:05",MINUTE_10
"2023-11-07 00:40:00","2023-11-06 13:40:00",AUD/USD,0.65007,0.65001,0.65012,0.65,133,"2023-11-06 13:42:01",MINUTE_10
"2023-11-07 00:30:00","2023-11-06 13:30:00",AUD/USD,0.65,0.65005,0.65015,0.64996,108,"2023-11-06 13:32:01",MINUTE_10
"2023-11-07 00:20:00","2023-11-06 13:20:00",AUD/USD,0.64992,0.64988,0.65009,0.64981,128,"2023-11-06 13:22:05",MINUTE_10
"2023-11-07 00:10:00","2023-11-06 13:10:00",AUD/USD,0.65004,0.64993,0.65012,0.64993,96,"2023-11-06 13:12:01",MINUTE_10
"2023-11-07 00:00:00","2023-11-06 13:00:00",AUD/USD,0.65007,0.65011,0.65018,0.65007,103,"2023-11-06 13:02:02",MINUTE_10
"2023-11-06 23:50:00","2023-11-06 12:50:00",AUD/USD,0.65016,0.65015,0.65018,0.6501,57,"2023-11-06 12:52:05",MINUTE_10
"2023-11-06 23:40:00","2023-11-06 12:40:00",AUD/USD,0.65053,0.65038,0.65057,0.65037,90,"2023-11-06 12:42:01",MINUTE_10
"2023-11-06 23:30:00","2023-11-06 12:30:00",AUD/USD,0.6504,0.65035,0.6504,0.65019,48,"2023-11-06 12:32:01",MINUTE_10
"2023-11-06 23:20:00","2023-11-06 12:20:00",AUD/USD,0.65068,0.65062,0.65077,0.65061,74,"2023-11-06 12:22:05",MINUTE_10
"2023-11-06 23:10:00","2023-11-06 12:10:00",AUD/USD,0.65094,0.65084,0.65103,0.65083,81,"2023-11-06 12:12:05",MINUTE_10
"2023-11-06 23:00:00","2023-11-06 12:00:00",AUD/USD,0.65091,0.65092,0.65092,0.65086,75,"2023-11-06 12:02:01",MINUTE_10
"2023-11-06 22:50:00","2023-11-06 11:50:00",AUD/USD,0.65104,0.65101,0.65106,0.65096,47,"2023-11-06 11:52:05",MINUTE_10
"2023-11-06 22:40:00","2023-11-06 11:40:00",AUD/USD,0.65094,0.65106,0.65112,0.65094,52,"2023-11-06 11:42:01",MINUTE_10
"2023-11-06 22:30:00","2023-11-06 11:30:00",AUD/USD,0.65076,0.65068,0.6508,0.65061,46,"2023-11-06 11:32:01",MINUTE_10
"2023-11-06 22:20:00","2023-11-06 11:20:00",AUD/USD,0.65081,0.65078,0.65087,0.65074,44,"2023-11-06 11:22:05",MINUTE_10
"2023-11-06 22:10:00","2023-11-06 11:10:00",AUD/USD,0.65061,0.6507,0.65071,0.65061,26,"2023-11-06 11:12:01",MINUTE_10
"2023-11-06 22:00:00","2023-11-06 11:00:00",AUD/USD,0.65061,0.65067,0.6507,0.65056,85,"2023-11-06 11:02:02",MINUTE_10
"2023-11-06 21:50:00","2023-11-06 10:50:00",AUD/USD,0.6508,0.65087,0.6509,0.65076,48,"2023-11-06 10:52:05",MINUTE_10
"2023-11-06 21:40:00","2023-11-06 10:40:00",AUD/USD,0.651,0.65102,0.65113,0.65098,53,"2023-11-06 10:42:01",MINUTE_10
"2023-11-06 21:30:00","2023-11-06 10:30:00",AUD/USD,0.65106,0.65097,0.6511,0.65096,65,"2023-11-06 10:32:02",MINUTE_10
"2023-11-06 21:20:00","2023-11-06 10:20:00",AUD/USD,0.65087,0.65094,0.65099,0.65087,71,"2023-11-06 10:22:05",MINUTE_10
"2023-11-06 21:10:00","2023-11-06 10:10:00",AUD/USD,0.65098,0.65086,0.65106,0.65084,72,"2023-11-06 10:12:01",MINUTE_10
"2023-11-06 21:00:00","2023-11-06 10:00:00",AUD/USD,0.65074,0.65095,0.65105,0.65074,95,"2023-11-06 10:02:01",MINUTE_10
"2023-11-06 20:50:00","2023-11-06 09:50:00",AUD/USD,0.65099,0.65085,0.65107,0.65081,77,"2023-11-06 09:52:05",MINUTE_10
"2023-11-06 20:40:00","2023-11-06 09:40:00",AUD/USD,0.65086,0.65102,0.65107,0.65086,89,"2023-11-06 09:42:05",MINUTE_10
"2023-11-06 20:30:00","2023-11-06 09:30:00",AUD/USD,0.65115,0.65103,0.65117,0.65102,64,"2023-11-06 09:32:02",MINUTE_10
"2023-11-06 20:20:00","2023-11-06 09:20:00",AUD/USD,0.65143,0.65107,0.65144,0.65107,138,"2023-11-06 09:22:05",MINUTE_10
"2023-11-06 20:10:00","2023-11-06 09:10:00",AUD/USD,0.65136,0.65179,0.6518,0.65134,100,"2023-11-06 09:12:01",MINUTE_10
"2023-11-06 20:00:00","2023-11-06 09:00:00",AUD/USD,0.65156,0.65184,0.65185,0.65153,126,"2023-11-06 09:02:01",MINUTE_10
"2023-11-06 19:50:00","2023-11-06 08:50:00",AUD/USD,0.65166,0.65162,0.65171,0.65151,142,"2023-11-06 08:52:05",MINUTE_10
"2023-11-06 19:40:00","2023-11-06 08:40:00",AUD/USD,0.65212,0.65217,0.65219,0.65209,67,"2023-11-06 08:42:05",MINUTE_10
"2023-11-06 19:30:00","2023-11-06 08:30:00",AUD/USD,0.65162,0.65146,0.65168,0.65131,155,"2023-11-06 08:32:02",MINUTE_10
"2023-11-06 19:20:00","2023-11-06 08:20:00",AUD/USD,0.6516,0.65171,0.65174,0.65155,87,"2023-11-06 08:22:05",MINUTE_10
"2023-11-06 19:10:00","2023-11-06 08:10:00",AUD/USD,0.65131,0.6516,0.65168,0.65127,153,"2023-11-06 08:12:05",MINUTE_10
"2023-11-06 19:00:00","2023-11-06 08:00:00",AUD/USD,0.65061,0.65081,0.65084,0.65055,151,"2023-11-06 08:02:02",MINUTE_10
"2023-11-06 18:50:00","2023-11-06 07:50:00",AUD/USD,0.65126,0.65103,0.65126,0.65103,93,"2023-11-06 07:52:05",MINUTE_10
"2023-11-06 18:40:00","2023-11-06 07:40:00",AUD/USD,0.6514,0.65138,0.65155,0.65135,139,"2023-11-06 07:42:05",MINUTE_10
"2023-11-06 18:30:00","2023-11-06 07:30:00",AUD/USD,0.65137,0.65126,0.65147,0.65119,89,"2023-11-06 07:32:01",MINUTE_10
"2023-11-06 18:20:00","2023-11-06 07:20:00",AUD/USD,0.65103,0.65113,0.65118,0.65095,91,"2023-11-06 07:22:05",MINUTE_10
"2023-11-06 18:10:00","2023-11-06 07:10:00",AUD/USD,0.65069,0.65091,0.65093,0.65069,118,"2023-11-06 07:12:05",MINUTE_10
"2023-11-06 18:00:00","2023-11-06 07:00:00",AUD/USD,0.6514,0.6513,0.6515,0.65125,126,"2023-11-06 07:02:02",MINUTE_10
"2023-11-06 17:50:00","2023-11-06 06:50:00",AUD/USD,0.65174,0.65175,0.65186,0.65165,71,"2023-11-06 06:52:05",MINUTE_10
"2023-11-06 17:40:00","2023-11-06 06:40:00",AUD/USD,0.65163,0.6517,0.65173,0.65163,42,"2023-11-06 06:42:05",MINUTE_10
"2023-11-06 17:30:00","2023-11-06 06:30:00",AUD/USD,0.65147,0.65151,0.65154,0.65143,75,"2023-11-06 06:32:01",MINUTE_10
"2023-11-06 17:20:00","2023-11-06 06:20:00",AUD/USD,0.65179,0.65176,0.65188,0.65165,74,"2023-11-06 06:22:05",MINUTE_10
"2023-11-06 17:10:00","2023-11-06 06:10:00",AUD/USD,0.65169,0.65169,0.65178,0.65167,54,"2023-11-06 06:12:05",MINUTE_10
"2023-11-06 17:00:00","2023-11-06 06:00:00",AUD/USD,0.65146,0.65156,0.65165,0.6514,77,"2023-11-06 06:02:02",MINUTE_10
"2023-11-06 16:50:00","2023-11-06 05:50:00",AUD/USD,0.6513,0.65131,0.65137,0.65124,77,"2023-11-06 05:52:05",MINUTE_10
"2023-11-06 16:40:00","2023-11-06 05:40:00",AUD/USD,0.651,0.65115,0.6512,0.651,84,"2023-11-06 05:42:05",MINUTE_10
"2023-11-06 16:30:00","2023-11-06 05:30:00",AUD/USD,0.65062,0.65054,0.65063,0.65049,86,"2023-11-06 05:32:02",MINUTE_10
"2023-11-06 16:20:00","2023-11-06 05:20:00",AUD/USD,0.65076,0.65079,0.65082,0.65076,31,"2023-11-06 05:22:05",MINUTE_10
"2023-11-06 16:10:00","2023-11-06 05:10:00",AUD/USD,0.6508,0.65085,0.65089,0.65079,38,"2023-11-06 05:12:01",MINUTE_10
"2023-11-06 16:00:00","2023-11-06 05:00:00",AUD/USD,0.65097,0.65099,0.65102,0.65087,45,"2023-11-06 05:02:02",MINUTE_10
"2023-11-06 15:50:00","2023-11-06 04:50:00",AUD/USD,0.65129,0.65119,0.65132,0.65115,47,"2023-11-06 04:52:05",MINUTE_10
"2023-11-06 15:40:00","2023-11-06 04:40:00",AUD/USD,0.65152,0.65149,0.65156,0.65148,42,"2023-11-06 04:42:01",MINUTE_10
"2023-11-06 15:30:00","2023-11-06 04:30:00",AUD/USD,0.6518,0.6518,0.65184,0.65176,63,"2023-11-06 04:32:01",MINUTE_10
"2023-11-06 15:20:00","2023-11-06 04:20:00",AUD/USD,0.65179,0.65178,0.65181,0.65174,31,"2023-11-06 04:22:05",MINUTE_10
"2023-11-06 15:10:00","2023-11-06 04:10:00",AUD/USD,0.65169,0.65168,0.6517,0.65164,66,"2023-11-06 04:12:05",MINUTE_10
"2023-11-06 15:00:00","2023-11-06 04:00:00",AUD/USD,0.65127,0.65114,0.65128,0.65112,57,"2023-11-06 04:02:01",MINUTE_10
